station_id,station_name,mean_pm10
124,Mariendorfer-Damm,21.879394952545297
144,Silbersteinstraße,20.55627157031924
174,Frankfurter-Allee,20.41099547023296
190,Leipziger-Straße,20.15147756686799
221,Karl-Marx-Straße,19.49068306010929
42,Neukölln,17.420504385964914
171,Mitte,16.988675582398617
117,Schildhornstraße,15.71041846419327
10,Wedding,15.546160483175152
77,Buch,13.058940897325279
85,Friedrichshagen,12.330336092987555
32,Grunewald,10.711074561403509
