station_id,station_name,mean_pm25
124,Mariendorfer-Damm,14.146246764452115
174,Frankfurter-Allee,13.932700603968938
144,Silbersteinstraße,13.655791630716134
221,Karl-Marx-Straße,12.933360655737705
190,Leipziger-Straße,12.362354400345126
42,Neukölln,12.162390350877192
171,Mitte,11.724843615185506
117,Schildhornstraße,11.35984685073339
10,Wedding,10.977728645383952
77,Buch,9.332506471095773
85,Friedrichshagen,8.988294314381271
32,Grunewald,7.692434210526316
